Campus,Categoria_raiz,N_chamados,Valor_total_R$
Campus Sosígenes Costa,Manutenção Preventiva,1839,1918791.53
Campus Paulo Freire,Manutenção Preventiva,1504,665165.01
Campus Jorge Amado,Manutenção Preventiva,928,1006781.28
Campus Jorge Amado,Estrutura Predial,841,480381.66
Campus Sosígenes Costa,Estrutura Predial,807,850763.85
Campus Paulo Freire,Estrutura Predial,770,339647.92
Campus Jorge Amado,Elétrica,640,687827.86
Reitoria,Estrutura Predial,540,247440.14
Campus Jorge Amado,Climatização,516,149898.97
Reitoria,Manutenção Preventiva,499,394003.53
Campus Jorge Amado,Hidrossanitária,463,118839.67
Campus Sosígenes Costa,Elétrica,461,637096.07
Reitoria,Climatização,460,58793.67
Campus Paulo Freire,Elétrica,452,131802.83
Campus Sosígenes Costa,Climatização,404,255358.71
Campus Paulo Freire,Hidrossanitária,378,33895.78
Reitoria,Elétrica,372,20122.28
Campus Paulo Freire,Climatização,331,173470.89
Campus Sosígenes Costa,Hidrossanitária,318,290597.16
Reitoria,Hidrossanitária,219,14560.45
Campus Paulo Freire,Instalação de Acessórios e Mobiliário,140,7122.36
Campus Jorge Amado,Instalação de Acessórios e Mobiliário,138,6755.56
Reitoria,TI / Dados / Rede,136,9738.18
Campus Jorge Amado,TI / Dados / Rede,122,27684.51
Campus Sosígenes Costa,TI / Dados / Rede,121,14455.92
Campus Paulo Freire,TI / Dados / Rede,87,5592.89
Campus Jorge Amado,Outros,79,380.68
Campus Paulo Freire,Outros,79,13168.2
Campus Sosígenes Costa,Outros,69,1449.05
Campus Jorge Amado,Área Externa e Ambiental,64,103138.81
Reitoria,Instalação de Acessórios e Mobiliário,64,6215.74
Reitoria,Outros,55,394.05
Campus Sosígenes Costa,Instalação de Acessórios e Mobiliário,47,15161.84
Campus Sosígenes Costa,Projetos e Reformas,45,158837.14
Campus Jorge Amado,Posto de trabalho,32,3312388.27
Campus Jorge Amado,Suprimentos / Apoio Técnico,31,38233.48
Campus Sosígenes Costa,Posto de trabalho,31,4320078.46
Campus Paulo Freire,Suprimentos / Apoio Técnico,28,41325.78
Campus Paulo Freire,Área Externa e Ambiental,28,51480.2
Reitoria,Projetos e Reformas,26,20460.06
Campus Sosígenes Costa,Suprimentos / Apoio Técnico,25,102489.21
Campus Sosígenes Costa,Área Externa e Ambiental,25,65741.75
Campus Jorge Amado,Projetos e Reformas,23,162097.27
Campus Paulo Freire,Posto de trabalho,21,1638178.92
Reitoria,Suprimentos / Apoio Técnico,21,81876.76
Reitoria,Posto de trabalho,18,1366413.33
Campus Jorge Amado,Equipamentos de Transporte,14,20287.49
Campus Paulo Freire,Projetos e Reformas,14,22620.47
Campus Sosígenes Costa,Segurança contra Incêndio,11,8371.46
Campus Jorge Amado,Segurança contra Incêndio,10,15129.86
Campus Paulo Freire,Segurança contra Incêndio,9,2831.46
Reitoria,Equipamentos de Transporte,9,6528.69
Reitoria,Área Externa e Ambiental,6,2726.83
Campus Maria Felipa - Jequié,Outros,4,0.0
Campus Maria Felipa - Jequié,Estrutura Predial,3,0.0
Reitoria,Segurança contra Incêndio,3,743.22
Campus Maria Felipa - Jequié,TI / Dados / Rede,2,0.0
Campus Maria Felipa - Jequié,Climatização,1,0.0
Campus Maria Felipa - Jequié,Instalação de Acessórios e Mobiliário,1,0.0
Campus Paulo Freire,Equipamentos de Transporte,1,0.0
Reitoria,SISTEMAS,1,0.0
