Dimensao,N_chamados,Valor_total_R$,Valor_medio_R$,Confianca_media
Manutenção Preventiva > Ar condicionado split,1861,1249534.55,671.43,0.8236
Climatização > Ar condicionado split,1682,537632.46,319.64,0.8008
Hidrossanitária > Hidráulica,1330,206401.7,155.19,0.7863
Estrutura Predial > Alvenaria / Pisos / Estrutura,1310,1108966.33,846.54,0.7678
Manutenção Preventiva > Gerador,1216,128763.37,105.89,0.9659
"Estrutura Predial > Esquadrias, porta, portão e janelas",1001,181483.21,181.3,0.7717
Elétrica > Instalações elétricas,967,341738.75,353.4,0.7963
Elétrica > Iluminação,769,740020.92,962.32,0.8181
Manutenção Preventiva > Quadros Elétricos,580,4766.27,8.22,0.9722
TI / Dados / Rede > Ponto de rede / fibra ótica / Wi-fi,429,58027.22,135.26,0.7296
"Instalação de Acessórios e Mobiliário > Instalação/reparo de equipamentos (Suportes de TV, acessórios de banheiro e quadro branco)",340,13522.72,39.77,0.685
Manutenção Preventiva > Reservatório,279,3850.46,13.8,0.7037
Outros > Erro de chamado,257,0.0,0.0,0.7057
Manutenção Preventiva > Vistoria em Instalações,247,539290.75,2183.36,0.937
Estrutura Predial > Infiltração,225,29942.67,133.08,0.7216
"Estrutura Predial > Telhados, calhas, rufos, etc.",211,280961.93,1331.57,0.778
Manutenção Preventiva > Ar condicionado central,171,117999.54,690.06,0.7844
Estrutura Predial > Forro,153,228232.37,1491.71,0.7481
Manutenção Preventiva > Iluminação,136,30754.41,226.14,0.8079
Elétrica > Nobreak,131,3067.46,23.42,0.7606
Área Externa e Ambiental > Manutenção área externa / meio ambiente / Poda de árvore / Roçagem,120,214321.95,1786.02,0.6619
Posto de trabalho > Contratação de Posto de trabalho,102,10637058.98,104284.89,0.7386
Manutenção Preventiva > Elevador,95,273621.38,2880.23,0.6573
Suprimentos / Apoio Técnico > Materiais,88,242647.36,2757.36,0.6637
Projetos e Reformas > Reforma,83,345791.27,4166.16,0.8548
"Manutenção Preventiva > Sistemas de combate a incêndio (extintores, hidrantes)",66,290978.39,4408.76,0.775
Estrutura Predial > Pintura,61,91608.16,1501.77,0.7761
Instalação de Acessórios e Mobiliário > Placas de identificação,58,22148.21,381.87,0.6586
"Manutenção Preventiva > Telhados, calhas, rufos, etc.",43,1218510.0,28337.44,0.6758
Hidrossanitária > Bomba,40,136587.87,3414.7,0.6838
TI / Dados / Rede > Coleta de dados,40,0.0,0.0,0.7833
Elétrica > Gerador,39,124331.19,3187.98,0.7738
Climatização > Ar condicionado central,39,104398.43,2676.88,0.8395
Outros > Outros,36,15391.98,427.56,0.6714
Manutenção Preventiva > Esgoto,34,56816.24,1671.07,0.875
Manutenção Preventiva > Hidráulica,34,4482.55,131.84,0.77
"Segurança contra Incêndio > Sistemas de combate a incêndio (extintores, hidrantes)",31,27076.0,873.42,0.7765
Projetos e Reformas > Projeto,25,18223.67,728.95,0.8708
Equipamentos de Transporte > Elevador,24,26816.18,1117.34,0.6463
Manutenção Preventiva > Poços artesianos,20,62749.74,3137.49,0.424
Elétrica > Subestação,18,154072.82,8559.6,0.6961
Hidrossanitária > ETA / ETE,18,117162.34,6509.02,0.5744
"Suprimentos / Apoio Técnico > Limpeza de equipamentos, ambiente e mobiliário",16,21277.87,1329.87,0.6062
Manutenção Preventiva > Nobreak,11,0.0,0.0,0.6227
Elétrica > Sistema Fotovoltaico (FV),7,113617.9,16231.13,0.73
Área Externa e Ambiental > Drenagem,5,8765.64,1753.13,0.74
"Estrutura Predial > Instalações Especiais (gás, ar comprimido, etc.)",3,266.99,89.0,0.9167
Manutenção Preventiva > Aplicação cupinicida,3,767.7,255.9,0.99
Manutenção Preventiva > Bomba,3,4018.68,1339.56,0.4933
Suprimentos / Apoio Técnico > Transporte,1,0.0,0.0,0.96
SISTEMAS > OUTRAS SOLICITAÇÕES,1,0.0,0.0,0.11
